puzzle,implementation,run,elapsed_ms,validated,solution
easy,prolog,1,7.648945,True,534678912672195348198342567859761423426853791713924856961537284287419635345286179
easy,prolog,2,7.682085,True,534678912672195348198342567859761423426853791713924856961537284287419635345286179
easy,prolog,3,7.689953,True,534678912672195348198342567859761423426853791713924856961537284287419635345286179
easy,prolog,4,7.599831,True,534678912672195348198342567859761423426853791713924856961537284287419635345286179
easy,prolog,5,7.693052,True,534678912672195348198342567859761423426853791713924856961537284287419635345286179
easy,prolog,6,7.426023,True,534678912672195348198342567859761423426853791713924856961537284287419635345286179
easy,prolog,7,7.575989,True,534678912672195348198342567859761423426853791713924856961537284287419635345286179
easy,python,1,1.492375,True,534678912672195348198342567859761423426853791713924856961537284287419635345286179
easy,python,2,1.596625,True,534678912672195348198342567859761423426853791713924856961537284287419635345286179
easy,python,3,1.627334,True,534678912672195348198342567859761423426853791713924856961537284287419635345286179
easy,python,4,1.510333,True,534678912672195348198342567859761423426853791713924856961537284287419635345286179
easy,python,5,1.596750,True,534678912672195348198342567859761423426853791713924856961537284287419635345286179
easy,python,6,1.498250,True,534678912672195348198342567859761423426853791713924856961537284287419635345286179
easy,python,7,1.488709,True,534678912672195348198342567859761423426853791713924856961537284287419635345286179
hard,prolog,1,15.026093,True,417369825632158947958724316825437169791586432346912758289643571573291684164875293
hard,prolog,2,14.863014,True,417369825632158947958724316825437169791586432346912758289643571573291684164875293
hard,prolog,3,14.963865,True,417369825632158947958724316825437169791586432346912758289643571573291684164875293
hard,prolog,4,15.414000,True,417369825632158947958724316825437169791586432346912758289643571573291684164875293
hard,prolog,5,14.840126,True,417369825632158947958724316825437169791586432346912758289643571573291684164875293
hard,prolog,6,14.760017,True,417369825632158947958724316825437169791586432346912758289643571573291684164875293
hard,prolog,7,14.391184,True,417369825632158947958724316825437169791586432346912758289643571573291684164875293
hard,python,1,39.303625,True,417369825632158947958724316825437169791586432346912758289643571573291684164875293
hard,python,2,39.412542,True,417369825632158947958724316825437169791586432346912758289643571573291684164875293
hard,python,3,39.241500,True,417369825632158947958724316825437169791586432346912758289643571573291684164875293
hard,python,4,39.324000,True,417369825632158947958724316825437169791586432346912758289643571573291684164875293
hard,python,5,39.344667,True,417369825632158947958724316825437169791586432346912758289643571573291684164875293
hard,python,6,39.484958,True,417369825632158947958724316825437169791586432346912758289643571573291684164875293
hard,python,7,39.394083,True,417369825632158947958724316825437169791586432346912758289643571573291684164875293
